race,state,gun_min,chip_min,pace_min,gender,age
5k,UT,39.833333333333336,37.96666666666667,12.25,M,24.5
10k,UT,62.016666666666666,61.9,9.983333333333333,F,24.5
5k,UT,39.516666666666666,39.166666666666664,12.633333333333333,M,54.5
5k,UT,26.85,26.55,8.566666666666666,M,44.5
5k,UT,43.2,41.85,13.5,F,54.5
5k,UT,39.833333333333336,38.06666666666667,12.283333333333333,F,34.5
5k,UT,34.21666666666667,33.9,10.933333333333334,F,24.5
5k,UT,40.6,40.11666666666667,12.933333333333334,M,54.5
5k,UT,40.6,40.083333333333336,12.933333333333334,F,44.5
5k,UT,64.68333333333334,62.55,20.183333333333334,F,24.5
5k,UT,39.233333333333334,37.333333333333336,12.05,M,17.0
5k,UT,39.516666666666666,39.18333333333333,12.633333333333333,M,24.5
5k,UT,30.2,30.05,9.7,M,44.5
5k,UT,30.2,30.066666666666666,9.7,M,12.0
5k,UT,26.8,26.416666666666668,8.516666666666667,M,34.5
5k,UT,33.81666666666667,33.5,10.8,F,34.5
5k,UT,54.483333333333334,54.15,17.466666666666665,F,54.5
5k,UT,37.833333333333336,37.45,12.083333333333334,F,12.0
5k,UT,51.61666666666667,51.233333333333334,16.533333333333335,F,5.0
5k,UT,37.833333333333336,37.45,12.083333333333334,F,34.5
10k,UT,56.86666666666667,56.516666666666666,9.116666666666667,M,24.5
5k,CA,47.983333333333334,47.68333333333333,15.383333333333333,M,54.5
5k,CA,54.483333333333334,54.21666666666667,17.483333333333334,F,54.5
5k,UT,54.43333333333333,54.166666666666664,17.466666666666665,M,24.5
5k,UT,24.0,23.766666666666666,7.666666666666667,M,54.5
5k,UT,32.56666666666667,31.9,10.283333333333333,F,24.5
10k,ID,77.08333333333333,76.58333333333333,12.35,F,24.5
5k,UT,29.016666666666666,28.35,9.15,F,24.5
5k,ID,43.06666666666667,42.81666666666667,13.816666666666666,F,54.5
10k,ID,77.08333333333333,76.58333333333333,12.35,F,17.0
10k,ID,51.03333333333333,50.55,8.15,F,24.5
10k,UT,50.78333333333333,50.43333333333333,8.133333333333333,M,24.5
5k,UT,32.56666666666667,31.883333333333333,10.283333333333333,M,24.5
5k,UT,29.95,29.166666666666668,9.416666666666666,M,24.5
5k,UT,30.133333333333333,29.333333333333332,9.466666666666667,F,54.5
5k,UT,31.55,31.366666666666667,10.116666666666667,M,34.5
5k,UT,45.45,44.68333333333333,14.416666666666666,F,24.5
5k,UT,45.45,44.65,14.4,M,24.5
10k,UT,67.36666666666666,67.2,10.833333333333334,M,34.5
5k,UT,53.96666666666667,53.03333333333333,17.1,F,34.5
5k,UT,54.0,53.0,17.1,F,54.5
5k,UT,53.96666666666667,52.983333333333334,17.083333333333332,F,44.5
5k,UT,33.65,32.516666666666666,10.483333333333333,M,12.0
5k,UT,28.933333333333334,27.8,8.966666666666667,M,12.0
5k,UT,32.5,31.416666666666668,10.133333333333333,F,5.0
5k,UT,31.683333333333334,30.533333333333335,9.85,F,34.5
5k,UT,25.75,24.65,7.95,M,34.5
5k,UT,32.86666666666667,31.783333333333335,10.25,M,34.5
5k,UT,31.55,30.4,9.8,F,34.5
5k,UT,66.38333333333334,64.45,20.783333333333335,F,54.5
5k,UT,43.8,41.9,13.516666666666667,M,24.5
10k,UT,51.06666666666667,50.61666666666667,8.166666666666666,M,24.5
5k,UT,37.46666666666667,36.93333333333333,11.916666666666666,M,24.5
5k,UT,37.96666666666667,37.43333333333333,12.083333333333334,F,24.5
5k,OK,38.2,37.43333333333333,12.083333333333334,F,44.5
5k,UT,30.766666666666666,29.916666666666668,9.65,F,24.5
5k,UT,30.283333333333335,29.433333333333334,9.5,F,17.0
5k,UT,36.45,36.11666666666667,11.65,F,24.5
5k,UT,30.916666666666668,30.533333333333335,9.85,M,24.5
5k,UT,36.28333333333333,34.1,11.0,M,54.5
5k,UT,36.1,35.416666666666664,11.416666666666666,M,64.5
5k,UT,38.1,35.93333333333333,11.583333333333334,F,34.5
5k,UT,53.733333333333334,51.483333333333334,16.6,F,24.5
5k,UT,36.28333333333333,34.1,11.0,M,34.5
5k,UT,56.2,53.983333333333334,17.416666666666668,F,54.5
5k,UT,36.31666666666667,36.18333333333333,11.666666666666666,F,44.5
5k,UT,34.71666666666667,34.55,11.15,F,24.5
5k,UT,31.9,31.016666666666666,10.0,F,24.5
5k,UT,35.583333333333336,33.75,10.883333333333333,F,34.5
5k,UT,41.3,41.25,13.3,F,44.5
5k,UT,36.9,36.666666666666664,11.833333333333334,F,17.0
5k,UT,39.766666666666666,38.95,12.566666666666666,F,44.5
5k,ID,25.616666666666667,25.233333333333334,8.133333333333333,M,24.5
5k,NM,41.11666666666667,40.31666666666667,13.0,M,34.5
5k,UT,33.733333333333334,32.56666666666667,10.5,M,24.5
5k,UT,41.25,40.36666666666667,13.016666666666667,F,24.5
5k,UT,22.75,22.2,7.166666666666667,M,24.5
5k,UT,28.9,28.766666666666666,9.283333333333333,F,54.5
5k,UT,43.38333333333333,41.55,13.4,M,34.5
5k,UT,22.066666666666666,20.383333333333333,6.583333333333333,M,24.5
5k,UT,41.61666666666667,39.45,12.733333333333333,F,24.5
5k,UT,41.63333333333333,39.43333333333333,12.716666666666667,M,24.5
5k,UT,29.816666666666666,29.033333333333335,9.366666666666667,M,24.5
5k,WA,31.433333333333334,31.116666666666667,10.033333333333333,F,17.0
5k,UT,29.783333333333335,28.983333333333334,9.35,F,24.5
5k,UT,22.766666666666666,22.65,7.3,M,24.5
5k,UT,28.95,28.35,9.15,M,24.5
5k,UT,28.033333333333335,27.916666666666668,9.0,F,34.5
5k,UT,29.666666666666668,28.366666666666667,9.15,M,54.5
5k,UT,27.833333333333332,26.583333333333332,8.583333333333334,F,24.5
5k,UT,39.333333333333336,38.03333333333333,12.266666666666667,M,17.0
5k,UT,43.71666666666667,42.4,13.683333333333334,F,54.5
5k,UT,27.816666666666666,26.566666666666666,8.566666666666666,M,24.5
5k,UT,35.916666666666664,35.4,11.416666666666666,F,24.5
5k,UT,30.666666666666668,29.433333333333334,9.5,M,24.5
5k,UT,32.03333333333333,30.8,9.933333333333334,F,44.5
5k,UT,45.916666666666664,45.15,14.566666666666666,F,17.0
5k,UT,30.6,30.483333333333334,9.833333333333334,F,34.5
5k,UT,27.716666666666665,27.6,8.9,M,34.5
5k,UT,21.4,21.333333333333332,6.883333333333334,M,34.5
5k,UT,40.016666666666666,39.333333333333336,12.683333333333334,F,34.5
5k,UT,55.416666666666664,55.21666666666667,17.816666666666666,F,34.5
5k,UT,30.283333333333335,29.65,9.566666666666666,F,34.5
5k,UT,26.583333333333332,25.416666666666668,8.2,M,24.5
5k,UT,63.016666666666666,61.583333333333336,19.866666666666667,F,24.5
5k,UT,31.05,30.55,9.85,M,24.5
5k,UT,65.9,64.38333333333334,20.766666666666666,M,54.5
5k,UT,30.3,29.033333333333335,9.366666666666667,F,24.5
5k,UT,55.93333333333333,54.21666666666667,17.483333333333334,M,44.5
5k,UT,55.93333333333333,54.2,17.483333333333334,F,34.5
5k,UT,38.15,36.78333333333333,11.866666666666667,F,24.5
5k,CO,35.483333333333334,34.1,11.0,F,24.5
5k,UT,54.13333333333333,52.7,17.0,M,54.5
5k,UT,33.61666666666667,33.21666666666667,10.716666666666667,M,44.5
5k,UT,56.28333333333333,55.78333333333333,18.0,F,24.5
5k,UT,31.816666666666666,31.216666666666665,10.066666666666666,M,44.5
5k,UT,31.816666666666666,31.2,10.066666666666666,M,5.0
5k,UT,33.2,32.78333333333333,10.583333333333334,M,24.5
5k,UT,52.983333333333334,51.7,16.683333333333334,F,64.5
5k,UT,23.4,23.216666666666665,7.483333333333333,M,24.5
5k,UT,22.95,22.25,7.183333333333334,M,24.5
5k,UT,36.6,34.333333333333336,11.083333333333334,M,24.5
5k,UT,36.6,34.333333333333336,11.083333333333334,M,24.5
5k,UT,24.65,23.4,7.55,M,17.0
5k,UT,42.11666666666667,40.833333333333336,13.166666666666666,M,44.5
5k,UT,61.25,59.93333333333333,19.333333333333332,F,44.5
5k,UT,42.11666666666667,40.86666666666667,13.183333333333334,F,17.0
5k,UT,39.45,38.166666666666664,12.316666666666666,M,12.0
5k,UT,23.616666666666667,23.5,7.583333333333333,M,34.5
5k,UT,32.6,32.13333333333333,10.366666666666667,M,24.5
5k,UT,35.3,34.65,11.183333333333334,M,24.5
5k,UT,61.88333333333333,60.21666666666667,19.416666666666668,F,54.5
5k,UT,24.533333333333335,23.383333333333333,7.55,M,17.0
5k,UT,38.36666666666667,37.5,12.1,F,24.5
5k,UT,31.15,30.216666666666665,9.75,F,24.5
5k,UT,37.43333333333333,36.78333333333333,11.866666666666667,F,34.5
5k,UT,26.466666666666665,25.8,8.316666666666666,M,24.5
5k,UT,24.316666666666666,23.966666666666665,7.733333333333333,M,17.0
5k,UT,54.65,54.016666666666666,17.416666666666668,F,34.5
5k,UT,22.15,22.016666666666666,7.1,F,24.5
5k,UT,40.983333333333334,39.61666666666667,12.783333333333333,F,24.5
5k,UT,26.833333333333332,26.283333333333335,8.483333333333333,F,44.5
5k,UT,45.416666666666664,44.61666666666667,14.4,F,24.5
5k,UT,31.7,30.683333333333334,9.9,F,12.0
5k,UT,41.766666666666666,40.61666666666667,13.1,M,5.0
5k,UT,50.733333333333334,49.53333333333333,15.983333333333333,F,64.5
5k,UT,50.11666666666667,48.18333333333333,15.55,F,17.0
5k,UT,41.78333333333333,40.6,13.1,M,44.5
5k,UT,31.9,30.733333333333334,9.916666666666666,M,17.0
5k,UT,18.883333333333333,18.816666666666666,6.066666666666666,M,24.5
5k,UT,41.88333333333333,40.9,13.2,F,54.5
5k,UT,33.9,32.78333333333333,10.583333333333334,F,44.5
5k,TX,21.15,20.116666666666667,6.483333333333333,M,34.5
5k,UT,32.31666666666667,32.28333333333333,10.416666666666666,M,34.5
5k,UT,27.066666666666666,27.033333333333335,8.716666666666667,M,12.0
5k,UT,46.0,44.45,14.333333333333334,F,24.5
5k,WY,34.65,33.38333333333333,10.766666666666667,F,44.5
5k,UT,63.016666666666666,61.56666666666667,19.866666666666667,F,17.0
5k,WY,32.733333333333334,31.5,10.166666666666666,F,34.5
5k,UT,53.983333333333334,53.05,17.116666666666667,M,17.0
5k,UT,53.983333333333334,53.05,17.116666666666667,F,17.0
5k,UT,53.9,53.0,17.1,M,54.5
5k,UT,53.9,52.983333333333334,17.083333333333332,F,54.5
5k,UT,25.3,25.233333333333334,8.133333333333333,M,12.0
5k,UT,30.166666666666668,30.083333333333332,9.7,F,34.5
5k,UT,26.35,26.266666666666666,8.466666666666667,M,12.0
5k,UT,30.166666666666668,29.133333333333333,9.4,F,24.5
5k,UT,39.65,39.05,12.6,F,34.5
5k,UT,38.333333333333336,38.2,12.316666666666666,F,24.5
5k,UT,38.333333333333336,38.2,12.316666666666666,F,24.5
5k,UT,17.6,17.566666666666666,5.666666666666667,M,24.5
5k,CO,18.15,18.116666666666667,5.85,M,24.5
5k,UT,40.733333333333334,40.666666666666664,13.116666666666667,F,34.5
5k,UT,54.21666666666667,52.46666666666667,16.916666666666668,F,24.5
5k,UT,54.166666666666664,52.43333333333333,16.916666666666668,M,24.5
5k,UT,25.933333333333334,25.75,8.3,M,24.5
5k,UT,59.733333333333334,59.516666666666666,19.2,F,34.5
5k,UT,41.1,40.43333333333333,13.05,F,12.0
5k,UT,33.916666666666664,33.233333333333334,10.716666666666667,F,34.5
5k,UT,24.216666666666665,23.85,7.7,M,24.5
5k,UT,64.4,62.9,20.283333333333335,F,24.5
5k,UT,36.88333333333333,35.46666666666667,11.433333333333334,F,24.5
5k,UT,41.7,40.28333333333333,13.0,F,44.5
5k,UT,41.68333333333333,40.75,13.15,M,34.5
5k,UT,57.56666666666667,55.483333333333334,17.9,F,24.5
5k,UT,30.383333333333333,29.533333333333335,9.533333333333333,M,24.5
5k,UT,36.88333333333333,35.45,11.433333333333334,M,24.5
5k,UT,31.55,30.4,9.8,M,24.5
5k,UT,46.0,45.15,14.566666666666666,F,24.5
5k,UT,39.55,39.35,12.7,M,54.5
5k,UT,30.15,29.633333333333333,9.566666666666666,F,12.0
5k,UT,30.583333333333332,30.066666666666666,9.7,F,34.5
5k,UT,67.3,66.7,21.516666666666666,F,44.5
5k,UT,40.516666666666666,39.016666666666666,12.583333333333334,F,24.5
5k,UT,21.033333333333335,20.683333333333334,6.666666666666667,M,24.5
5k,UT,60.46666666666667,60.25,19.433333333333334,F,64.5
5k,UT,59.75,59.516666666666666,19.2,F,24.5
5k,UT,60.46666666666667,60.28333333333333,19.45,M,54.5
5k,UT,56.666666666666664,55.233333333333334,17.816666666666666,F,34.5
5k,UT,28.816666666666666,27.85,8.983333333333333,F,34.5
5k,UT,31.25,29.916666666666668,9.65,F,24.5
5k,UT,20.533333333333335,20.483333333333334,6.6,M,24.5
5k,UT,37.53333333333333,36.21666666666667,11.683333333333334,F,24.5
5k,UT,29.733333333333334,29.316666666666666,9.45,F,17.0
5k,UT,28.316666666666666,28.2,9.1,F,24.5
5k,UT,42.8,41.43333333333333,13.366666666666667,M,74.5
5k,UT,40.53333333333333,39.13333333333333,12.616666666666667,F,24.5
5k,UT,28.183333333333334,26.816666666666666,8.65,F,24.5
5k,UT,26.55,26.166666666666668,8.433333333333334,M,44.5
5k,UT,26.55,26.166666666666668,8.433333333333334,M,24.5
5k,UT,40.516666666666666,39.13333333333333,12.616666666666667,F,24.5
5k,ID,25.85,25.683333333333334,8.283333333333333,M,64.5
5k,UT,29.283333333333335,28.916666666666668,9.333333333333334,F,12.0
5k,ID,30.75,30.383333333333333,9.8,M,64.5
5k,UT,33.083333333333336,31.833333333333332,10.266666666666667,F,24.5
5k,UT,41.3,39.2,12.65,M,24.5
5k,UT,41.3,39.2,12.65,F,24.5
5k,ID,36.266666666666666,35.45,11.433333333333334,F,34.5
5k,UT,24.583333333333332,23.4,7.55,F,17.0
5k,UT,42.95,41.95,13.533333333333333,F,17.0
5k,UT,36.88333333333333,36.45,11.75,M,64.5
5k,UT,57.9,55.916666666666664,18.033333333333335,M,5.0
5k,UT,58.06666666666667,55.65,17.95,M,34.5
5k,UT,51.43333333333333,49.983333333333334,16.116666666666667,M,24.5
5k,UT,24.316666666666666,23.916666666666668,7.716666666666667,F,17.0
5k,MN,17.45,17.45,5.616666666666666,M,-1.0
5k,UT,32.86666666666667,32.516666666666666,10.483333333333333,F,17.0
5k,UT,40.766666666666666,39.53333333333333,12.75,F,17.0
5k,UT,36.083333333333336,34.2,11.033333333333333,F,24.5
5k,UT,54.88333333333333,54.43333333333333,17.566666666666666,F,54.5
5k,UT,69.95,69.35,22.366666666666667,F,54.5
5k,UT,35.983333333333334,35.28333333333333,11.383333333333333,F,54.5
5k,UT,37.43333333333333,36.78333333333333,11.866666666666667,M,24.5
5k,UT,31.216666666666665,30.433333333333334,9.816666666666666,F,24.5
5k,UT,30.95,30.133333333333333,9.716666666666667,F,24.5
5k,UT,36.86666666666667,36.05,11.633333333333333,F,54.5
5k,UT,31.083333333333332,30.283333333333335,9.766666666666667,M,24.5
5k,UT,36.86666666666667,36.05,11.633333333333333,M,54.5
5k,UT,54.06666666666667,53.483333333333334,17.25,F,24.5
5k,UT,38.15,37.166666666666664,11.983333333333333,F,24.5
5k,UT,69.26666666666667,67.78333333333333,21.866666666666667,M,74.5
5k,UT,53.78333333333333,52.38333333333333,16.9,M,64.5
5k,UT,32.65,32.38333333333333,10.45,M,34.5
5k,UT,42.68333333333333,42.45,13.7,F,34.5
5k,UT,37.11666666666667,36.483333333333334,11.766666666666667,F,44.5
5k,UT,25.866666666666667,25.5,8.233333333333333,F,24.5
5k,UT,28.466666666666665,28.3,9.133333333333333,F,24.5
5k,UT,23.933333333333334,23.783333333333335,7.666666666666667,F,34.5
5k,UT,31.9,31.183333333333334,10.066666666666666,M,54.5
5k,UT,44.516666666666666,43.88333333333333,14.15,F,24.5
5k,UT,30.3,29.383333333333333,9.483333333333333,M,34.5
5k,UT,66.6,66.6,21.483333333333334,M,34.5
5k,UT,45.25,44.05,14.216666666666667,M,64.5
5k,UT,29.016666666666666,29.016666666666666,9.366666666666667,M,24.5
5k,UT,45.75,44.68333333333333,14.416666666666666,M,24.5
5k,UT,45.75,44.7,14.416666666666666,F,24.5
5k,UT,24.016666666666666,23.816666666666666,7.683333333333334,M,44.5
5k,UT,36.916666666666664,36.016666666666666,11.616666666666667,F,17.0
5k,UT,53.9,52.983333333333334,17.083333333333332,M,24.5
5k,UT,48.36666666666667,46.8,15.1,F,24.5
5k,UT,31.833333333333332,30.433333333333334,9.816666666666666,M,54.5
5k,UT,64.4,62.916666666666664,20.3,F,17.0
5k,UT,30.133333333333333,28.75,9.266666666666667,F,44.5
10k,UT,44.766666666666666,44.733333333333334,7.216666666666667,F,24.5
5k,UT,35.18333333333333,34.53333333333333,11.133333333333333,F,24.5
5k,UT,45.416666666666664,44.63333333333333,14.4,F,24.5
5k,UT,25.266666666666666,25.083333333333332,8.083333333333334,M,24.5
5k,UT,26.966666666666665,26.783333333333335,8.633333333333333,M,24.5
5k,UT,29.133333333333333,29.0,9.35,F,24.5
5k,UT,28.716666666666665,28.583333333333332,9.216666666666667,M,24.5
5k,UT,44.166666666666664,42.85,13.816666666666666,F,54.5
5k,UT,40.63333333333333,40.5,13.066666666666666,F,12.0
5k,UT,44.15,42.86666666666667,13.833333333333334,M,64.5
5k,UT,40.766666666666666,40.63333333333333,13.1,F,5.0
5k,UT,53.766666666666666,52.833333333333336,17.05,F,34.5
5k,UT,33.2,31.933333333333334,10.3,F,44.5
5k,UT,52.9,51.983333333333334,16.766666666666666,F,24.5
5k,UT,52.916666666666664,52.0,16.766666666666666,M,24.5
5k,UT,40.71666666666667,39.1,12.616666666666667,F,34.5
5k,UT,43.85,43.71666666666667,14.1,F,12.0
5k,UT,43.85,43.7,14.1,F,24.5
5k,UT,31.083333333333332,28.8,9.283333333333333,M,64.5
5k,OR,20.7,20.3,6.55,M,24.5
5k,UT,43.93333333333333,42.0,13.55,F,44.5
5k,UT,43.93333333333333,42.0,13.55,M,44.5
5k,UT,69.95,69.33333333333333,22.366666666666667,F,44.5
5k,UT,31.016666666666666,30.666666666666668,9.9,F,24.5
5k,WI,32.0,30.8,9.933333333333334,F,17.0
5k,WA,45.93333333333333,45.166666666666664,14.566666666666666,F,17.0
5k,UT,43.31666666666667,42.266666666666666,13.633333333333333,F,24.5
5k,UT,36.483333333333334,36.25,11.7,F,24.5
5k,UT,67.28333333333333,66.68333333333334,21.516666666666666,F,54.5
5k,UT,26.133333333333333,25.833333333333332,8.333333333333334,F,24.5
5k,UT,40.516666666666666,39.016666666666666,12.583333333333334,M,24.5
5k,UT,43.13333333333333,41.65,13.433333333333334,F,24.5
5k,UT,42.7,41.18333333333333,13.283333333333333,M,34.5
5k,UT,26.966666666666665,26.633333333333333,8.583333333333334,M,24.5
5k,UT,21.95,21.9,7.066666666666666,M,24.5
5k,UT,57.1,55.78333333333333,18.0,M,64.5
5k,UT,27.65,26.466666666666665,8.533333333333333,M,12.0
5k,UT,31.25,29.95,9.666666666666666,M,44.5
5k,UT,35.18333333333333,34.03333333333333,10.983333333333333,F,54.5
5k,WY,33.13333333333333,31.9,10.283333333333333,F,44.5
5k,UT,54.65,54.0,17.416666666666668,F,34.5
5k,WY,31.716666666666665,30.466666666666665,9.833333333333334,M,44.5
5k,UT,34.516666666666666,34.38333333333333,11.083333333333334,F,24.5
5k,UT,61.25,59.93333333333333,19.333333333333332,F,74.5
5k,UT,30.216666666666665,29.766666666666666,9.6,F,24.5
5k,UT,43.733333333333334,42.8,13.8,F,24.5
5k,UT,43.733333333333334,42.81666666666667,13.816666666666666,M,24.5
5k,UT,31.933333333333334,31.933333333333334,10.3,M,5.0
5k,UT,32.0,32.0,10.316666666666666,M,12.0
5k,UT,32.0,32.0,10.316666666666666,F,44.5
5k,UT,30.05,30.05,9.7,M,5.0
5k,UT,51.25,49.81666666666667,16.066666666666666,F,24.5
5k,UT,31.783333333333335,30.1,9.716666666666667,M,54.5
5k,UT,28.766666666666666,28.016666666666666,9.033333333333333,F,24.5
5k,UT,26.183333333333334,26.116666666666667,8.416666666666666,M,54.5
5k,UT,60.733333333333334,59.78333333333333,19.283333333333335,M,44.5
5k,UT,60.733333333333334,59.766666666666666,19.283333333333335,F,44.5
5k,UT,30.166666666666668,29.933333333333334,9.65,F,5.0
5k,UT,26.583333333333332,25.816666666666666,8.333333333333334,F,24.5
5k,UT,25.983333333333334,25.866666666666667,8.35,M,12.0
5k,UT,64.33333333333333,62.55,20.183333333333334,F,54.5
5k,UT,30.066666666666666,29.85,9.633333333333333,F,44.5
5k,UT,49.61666666666667,48.88333333333333,15.766666666666667,F,5.0
5k,UT,25.833333333333332,25.7,8.283333333333333,F,12.0
5k,UT,26.283333333333335,25.583333333333332,8.25,M,24.5
5k,UT,19.183333333333334,19.15,6.183333333333334,M,24.5
5k,UT,26.916666666666668,25.766666666666666,8.316666666666666,M,24.5
5k,UT,51.46666666666667,50.21666666666667,16.2,F,5.0
5k,UT,51.46666666666667,50.21666666666667,16.2,F,5.0
5k,UT,51.46666666666667,50.233333333333334,16.2,F,34.5
5k,UT,25.45,24.033333333333335,7.75,M,34.5
5k,UT,35.4,34.016666666666666,10.966666666666667,F,24.5
5k,UT,37.583333333333336,37.36666666666667,12.05,F,24.5
5k,UT,37.583333333333336,37.38333333333333,12.066666666666666,M,24.5
5k,UT,28.133333333333333,27.533333333333335,8.883333333333333,F,24.5
5k,UT,58.81666666666667,58.55,18.883333333333333,F,54.5
5k,UT,30.5,29.433333333333334,9.5,F,24.5
5k,UT,29.666666666666668,29.2,9.416666666666666,F,34.5
5k,UT,26.216666666666665,25.8,8.316666666666666,M,12.0
5k,UT,25.3,24.066666666666666,7.766666666666667,M,44.5
5k,UT,22.05,22.0,7.1,M,17.0
5k,UT,26.583333333333332,26.233333333333334,8.466666666666667,F,24.5
5k,UT,43.56666666666667,42.5,13.716666666666667,M,54.5
5k,UT,30.016666666666666,28.95,9.333333333333334,F,24.5
5k,UT,29.8,28.2,9.1,M,24.5
5k,UT,29.666666666666668,28.033333333333335,9.05,M,17.0
5k,UT,26.266666666666666,26.083333333333332,8.416666666666666,M,24.5
5k,UT,30.733333333333334,29.433333333333334,9.5,M,24.5
5k,UT,27.983333333333334,27.766666666666666,8.95,F,24.5
5k,UT,24.5,24.283333333333335,7.833333333333333,M,24.5
5k,UT,32.833333333333336,32.266666666666666,10.416666666666666,M,34.5
5k,UT,32.85,32.28333333333333,10.416666666666666,F,34.5
5k,UT,38.81666666666667,37.96666666666667,12.25,F,24.5
5k,TX,45.416666666666664,44.63333333333333,14.4,F,34.5
5k,UT,25.866666666666667,25.433333333333334,8.2,F,24.5
5k,UT,33.71666666666667,32.55,10.5,F,24.5
5k,UT,30.133333333333333,28.8,9.283333333333333,F,24.5
5k,UT,29.866666666666667,28.55,9.216666666666667,M,24.5
5k,UT,29.333333333333332,28.616666666666667,9.233333333333333,M,34.5
5k,UT,33.25,32.43333333333333,10.466666666666667,F,24.5
5k,UT,28.916666666666668,28.083333333333332,9.066666666666666,F,24.5
5k,UT,54.46666666666667,53.75,17.333333333333332,F,44.5
5k,UT,54.45,53.733333333333334,17.333333333333332,F,24.5
5k,UT,25.616666666666667,25.233333333333334,8.133333333333333,M,24.5
5k,UT,64.33333333333333,62.56666666666667,20.183333333333334,F,34.5
5k,UT,64.33333333333333,62.56666666666667,20.183333333333334,M,34.5
5k,UT,30.266666666666666,29.783333333333335,9.6,F,24.5
5k,UT,28.05,27.45,8.85,F,24.5
5k,UT,50.35,49.85,16.083333333333332,M,24.5
5k,UT,27.15,27.05,8.733333333333333,F,54.5
5k,UT,50.333333333333336,49.85,16.083333333333332,M,24.5
5k,UT,45.6,44.61666666666667,14.4,F,64.5
5k,UT,52.06666666666667,51.266666666666666,16.533333333333335,F,17.0
5k,UT,52.083333333333336,51.266666666666666,16.533333333333335,F,54.5
5k,UT,48.61666666666667,46.983333333333334,15.15,M,24.5
5k,UT,48.583333333333336,46.96666666666667,15.15,F,24.5
5k,UT,19.283333333333335,19.2,6.2,M,24.5
5k,UT,69.26666666666667,67.78333333333333,21.866666666666667,F,64.5
5k,UT,34.266666666666666,32.766666666666666,10.566666666666666,F,24.5
5k,UT,54.95,53.45,17.25,M,24.5
5k,ID,38.4,37.56666666666667,12.116666666666667,M,34.5
5k,UT,56.28333333333333,55.766666666666666,17.983333333333334,F,24.5
5k,UT,41.71666666666667,40.266666666666666,12.983333333333333,M,34.5
5k,UT,35.333333333333336,34.88333333333333,11.25,F,0.0
5k,UT,42.55,41.38333333333333,13.35,F,44.5
5k,UT,26.266666666666666,26.083333333333332,8.416666666666666,F,24.5
5k,NY,31.283333333333335,30.166666666666668,9.733333333333333,F,34.5
5k,UT,31.2,30.883333333333333,9.966666666666667,F,24.5
5k,UT,35.766666666666666,34.68333333333333,11.183333333333334,M,34.5
5k,UT,44.416666666666664,40.95,13.216666666666667,M,34.5
5k,UT,38.666666666666664,36.1,11.65,F,34.5
5k,UT,37.55,36.95,11.916666666666666,F,24.5
5k,UT,31.0,30.183333333333334,9.733333333333333,F,34.5
5k,UT,32.15,32.03333333333333,10.333333333333334,M,54.5
5k,UT,35.0,34.71666666666667,11.2,F,54.5
5k,UT,38.38333333333333,37.75,12.183333333333334,M,24.5
5k,UT,35.416666666666664,33.96666666666667,10.95,M,24.5
5k,UT,42.6,41.45,13.366666666666667,F,24.5
5k,UT,62.733333333333334,61.7,19.9,F,64.5
5k,UT,35.2,33.56666666666667,10.833333333333334,F,24.5
5k,UT,40.65,39.233333333333334,12.65,F,34.5
5k,UT,40.65,39.2,12.65,F,12.0
5k,UT,36.81666666666667,35.1,11.316666666666666,M,24.5
5k,UT,53.6,52.61666666666667,16.966666666666665,F,64.5
5k,UT,29.95,29.55,9.533333333333333,F,34.5
5k,UT,40.1,38.53333333333333,12.433333333333334,F,34.5
5k,UT,21.9,21.9,7.0,F,-1.0
5k,UT,41.13333333333333,38.833333333333336,12.533333333333333,M,24.5
5k,UT,41.13333333333333,38.833333333333336,12.533333333333333,F,24.5
5k,UT,57.266666666666666,55.166666666666664,17.8,F,44.5
5k,UT,40.766666666666666,39.55,12.75,F,17.0
5k,UT,53.083333333333336,51.266666666666666,16.533333333333335,F,24.5
5k,UT,46.016666666666666,45.03333333333333,14.533333333333333,F,24.5
5k,UT,46.016666666666666,45.05,14.533333333333333,F,34.5
5k,UT,34.53333333333333,33.833333333333336,10.916666666666666,M,17.0
5k,UT,35.333333333333336,34.65,11.183333333333334,F,24.5
5k,OR,45.8,44.1,14.233333333333333,M,54.5
5k,UT,53.766666666666666,52.81666666666667,17.033333333333335,F,64.5
5k,UT,54.65,54.03333333333333,17.433333333333334,F,34.5
5k,UT,27.583333333333332,26.6,8.583333333333334,M,24.5
5k,UT,27.883333333333333,26.883333333333333,8.666666666666666,M,24.5
5k,UT,22.616666666666667,22.25,7.183333333333334,M,44.5
5k,UT,29.533333333333335,29.183333333333334,9.416666666666666,M,12.0
5k,UT,24.7,24.366666666666667,7.866666666666666,F,17.0
5k,UT,29.6,29.233333333333334,9.433333333333334,F,34.5
5k,UT,23.633333333333333,23.266666666666666,7.5,M,34.5
5k,UT,32.81666666666667,31.55,10.183333333333334,F,24.5
5k,UT,43.61666666666667,41.7,13.45,M,54.5
5k,UT,36.96666666666667,36.11666666666667,11.65,F,17.0
5k,UT,24.233333333333334,23.85,7.7,M,24.5
5k,NV,41.38333333333333,41.233333333333334,13.3,M,24.5
5k,NV,46.13333333333333,45.55,14.7,M,54.5
5k,NV,46.13333333333333,45.56666666666667,14.7,F,54.5
5k,NV,22.033333333333335,21.85,7.05,M,24.5
5k,UT,30.216666666666665,29.75,9.6,F,17.0
5k,UT,37.11666666666667,36.06666666666667,11.633333333333333,M,54.5
5k,UT,29.283333333333335,28.483333333333334,9.183333333333334,F,24.5
5k,UT,23.116666666666667,23.0,7.416666666666667,M,44.5
5k,UT,32.483333333333334,31.95,10.3,M,5.0
5k,UT,32.083333333333336,31.566666666666666,10.183333333333334,F,34.5
5k,UT,25.1,25.05,8.083333333333334,F,12.0
5k,UT,35.45,35.15,11.333333333333334,F,54.5
5k,UT,30.45,30.233333333333334,9.75,F,64.5
5k,UT,24.6,24.533333333333335,7.916666666666667,M,44.5
5k,UT,36.11666666666667,34.78333333333333,11.216666666666667,M,64.5
5k,UT,24.233333333333334,24.15,7.783333333333333,F,24.5
5k,UT,17.55,17.5,5.65,M,24.5
5k,UT,30.383333333333333,29.533333333333335,9.533333333333333,F,24.5
5k,UT,35.5,34.65,11.183333333333334,M,24.5
5k,UT,43.916666666666664,43.733333333333334,14.1,F,34.5
5k,UT,43.916666666666664,43.733333333333334,14.1,F,54.5
5k,UT,31.016666666666666,30.683333333333334,9.9,M,24.5
5k,AZ,51.43333333333333,51.03333333333333,16.466666666666665,F,54.5
5k,UT,50.35,48.8,15.75,F,24.5
5k,UT,25.133333333333333,24.816666666666666,8.0,F,24.5
5k,UT,43.28333333333333,43.0,13.866666666666667,F,12.0
5k,UT,43.28333333333333,43.016666666666666,13.883333333333333,M,34.5
5k,UT,47.15,46.88333333333333,15.116666666666667,F,12.0
5k,UT,46.93333333333333,46.65,15.05,F,34.5
5k,UT,69.33333333333333,69.13333333333334,22.3,F,54.5
5k,UT,30.283333333333335,29.416666666666668,9.483333333333333,F,17.0
5k,UT,38.61666666666667,37.96666666666667,12.25,F,64.5
5k,UT,42.083333333333336,41.06666666666667,13.25,M,89.5
5k,UT,44.56666666666667,43.43333333333333,14.016666666666667,F,64.5
5k,UT,39.3,37.7,12.166666666666666,M,54.5
5k,UT,40.45,39.36666666666667,12.7,M,24.5
5k,UT,40.45,39.35,12.7,F,24.5
5k,UT,35.833333333333336,35.35,11.4,M,24.5
5k,AZ,35.3,34.86666666666667,11.25,F,17.0
5k,UT,51.21666666666667,49.15,15.85,F,24.5
5k,UT,51.233333333333334,49.166666666666664,15.866666666666667,M,24.5
5k,UT,46.85,45.4,14.65,F,17.0
5k,UT,26.716666666666665,25.266666666666666,8.15,M,54.5
5k,UT,56.31666666666667,55.8,18.0,M,24.5
5k,UT,48.86666666666667,48.4,15.616666666666667,F,34.5
5k,UT,50.65,48.43333333333333,15.616666666666667,F,24.5
5k,UT,50.666666666666664,48.416666666666664,15.616666666666667,M,24.5
5k,UT,51.36666666666667,50.45,16.266666666666666,F,44.5
5k,UT,43.93333333333333,43.416666666666664,14.0,F,34.5
5k,UT,28.483333333333334,27.716666666666665,8.933333333333334,F,24.5
5k,UT,30.016666666666666,29.25,9.433333333333334,F,24.5
5k,UT,37.43333333333333,36.78333333333333,11.866666666666667,F,24.5
5k,UT,42.983333333333334,41.583333333333336,13.416666666666666,F,24.5
5k,UT,36.766666666666666,35.05,11.3,F,17.0
5k,UT,28.316666666666666,28.183333333333334,9.083333333333334,F,24.5
5k,UT,26.416666666666668,26.083333333333332,8.416666666666666,F,34.5
5k,UT,41.916666666666664,40.28333333333333,13.0,M,24.5
5k,UT,61.93333333333333,59.95,19.333333333333332,M,54.5
5k,UT,63.5,61.21666666666667,19.75,F,54.5
5k,UT,26.566666666666666,25.383333333333333,8.183333333333334,M,24.5
5k,UT,26.55,25.083333333333332,8.083333333333334,M,17.0
5k,WA,23.1,22.966666666666665,7.416666666666667,M,24.5
5k,UT,54.86666666666667,54.46666666666667,17.566666666666666,F,44.5
5k,UT,54.86666666666667,54.46666666666667,17.566666666666666,M,44.5
5k,UT,35.18333333333333,34.03333333333333,10.983333333333333,F,34.5
5k,UT,54.88333333333333,54.46666666666667,17.566666666666666,M,12.0
5k,UT,61.95,59.95,19.333333333333332,F,54.5
5k,UT,45.61666666666667,44.21666666666667,14.266666666666667,F,34.5
5k,UT,37.9,36.43333333333333,11.75,F,24.5
5k,UT,37.28333333333333,36.733333333333334,11.85,M,24.5
5k,UT,43.516666666666666,41.6,13.416666666666666,M,34.5
5k,UT,50.083333333333336,48.166666666666664,15.533333333333333,F,34.5
5k,UT,18.933333333333334,18.9,6.1,M,24.5
5k,UT,32.68333333333333,31.7,10.233333333333333,F,24.5
5k,UT,37.45,36.53333333333333,11.783333333333333,M,24.5
5k,UT,38.7,37.8,12.2,F,24.5
5k,UT,53.0,50.96666666666667,16.433333333333334,M,34.5
5k,UT,53.0,50.96666666666667,16.433333333333334,F,34.5
5k,UT,33.95,33.4,10.766666666666667,M,5.0
5k,UT,30.266666666666666,29.933333333333334,9.65,F,24.5
5k,ID,39.36666666666667,39.15,12.633333333333333,M,24.5
5k,UT,55.43333333333333,55.21666666666667,17.816666666666666,F,24.5
5k,UT,32.71666666666667,32.56666666666667,10.5,M,34.5
5k,UT,37.6,37.45,12.083333333333334,F,24.5
5k,UT,35.03333333333333,34.483333333333334,11.116666666666667,M,44.5
5k,UT,47.233333333333334,45.766666666666666,14.766666666666667,F,34.5
5k,UT,47.21666666666667,45.766666666666666,14.766666666666667,M,34.5
5k,UT,38.03333333333333,37.56666666666667,12.116666666666667,F,54.5
5k,UT,36.083333333333336,35.21666666666667,11.366666666666667,F,17.0
5k,ID,81.6,79.48333333333333,25.633333333333333,M,5.0
5k,UT,27.616666666666667,27.5,8.866666666666667,M,34.5
5k,UT,34.833333333333336,33.5,10.8,M,24.5
5k,UT,30.583333333333332,30.166666666666668,9.733333333333333,F,24.5
5k,UT,30.55,29.716666666666665,9.583333333333334,F,24.5
5k,UT,59.15,57.35,18.5,F,34.5
5k,UT,59.03333333333333,57.21666666666667,18.45,M,12.0
5k,UT,29.816666666666666,28.15,9.083333333333334,M,24.5
5k,UT,62.7,61.03333333333333,19.683333333333334,F,24.5
5k,UT,29.95,29.5,9.516666666666667,M,24.5
5k,UT,29.483333333333334,29.05,9.366666666666667,F,24.5
5k,UT,23.966666666666665,23.816666666666666,7.683333333333334,M,12.0
5k,UT,26.466666666666665,25.8,8.316666666666666,F,24.5
5k,UT,50.78333333333333,50.016666666666666,16.133333333333333,F,54.5
5k,UT,45.516666666666666,44.766666666666666,14.433333333333334,F,24.5
5k,UT,26.083333333333332,25.416666666666668,8.2,M,24.5
5k,UT,45.516666666666666,44.766666666666666,14.433333333333334,M,24.5
5k,UT,50.916666666666664,50.13333333333333,16.166666666666668,M,54.5
5k,UT,36.63333333333333,36.35,11.733333333333333,F,24.5
5k,UT,29.5,29.083333333333332,9.383333333333333,M,24.5
5k,UT,30.0,27.933333333333334,9.016666666666667,M,34.5
5k,UT,53.71666666666667,51.53333333333333,16.616666666666667,F,24.5
5k,UT,27.033333333333335,26.816666666666666,8.65,F,24.5
5k,UT,34.4,33.96666666666667,10.95,F,24.5
5k,UT,24.85,24.316666666666666,7.85,M,12.0
5k,UT,46.666666666666664,46.05,14.85,F,34.5
5k,UT,25.116666666666667,24.566666666666666,7.916666666666667,M,24.5
5k,UT,28.25,28.066666666666666,9.05,F,17.0
5k,UT,20.933333333333334,20.783333333333335,6.7,M,24.5
5k,UT,40.666666666666664,39.9,12.866666666666667,F,17.0
5k,UT,40.93333333333333,40.35,13.016666666666667,F,24.5
5k,UT,61.016666666666666,59.46666666666667,19.183333333333334,F,34.5
5k,UT,58.516666666666666,57.11666666666667,18.416666666666668,F,54.5
5k,UT,28.75,27.7,8.933333333333334,F,24.5
5k,UT,21.233333333333334,21.183333333333334,6.833333333333333,M,24.5
5k,UT,41.68333333333333,40.766666666666666,13.15,M,24.5
5k,UT,38.21666666666667,38.21666666666667,12.333333333333334,M,34.5
5k,UT,34.833333333333336,33.5,10.8,F,24.5
5k,UT,26.566666666666666,26.183333333333334,8.45,F,24.5
5k,UT,31.25,31.0,10.0,F,17.0
5k,UT,69.25,67.3,21.716666666666665,F,24.5
5k,UT,35.516666666666666,34.416666666666664,11.1,F,54.5
5k,UT,52.583333333333336,51.36666666666667,16.566666666666666,M,44.5
5k,UT,43.25,42.083333333333336,13.583333333333334,F,44.5
5k,UT,57.31666666666667,55.45,17.883333333333333,F,34.5
5k,UT,57.333333333333336,55.516666666666666,17.916666666666668,M,12.0
5k,UT,47.2,45.38333333333333,14.633333333333333,M,34.5
5k,UT,36.9,35.05,11.3,M,17.0
5k,UT,47.2,45.36666666666667,14.633333333333333,F,12.0
5k,UT,57.31666666666667,55.45,17.883333333333333,F,5.0
5k,UT,30.083333333333332,28.55,9.216666666666667,M,34.5
5k,UT,38.56666666666667,37.9,12.233333333333333,F,44.5
5k,UT,39.95,39.28333333333333,12.666666666666666,M,44.5
5k,UT,47.15,45.7,14.75,F,44.5
5k,NV,29.266666666666666,29.083333333333332,9.383333333333333,F,24.5
5k,UT,25.9,25.433333333333334,8.2,M,44.5
5k,UT,53.1,51.28333333333333,16.55,F,24.5
5k,UT,29.3,28.85,9.3,F,24.5
5k,UT,41.71666666666667,40.4,13.033333333333333,M,54.5
5k,UT,27.083333333333332,26.75,8.633333333333333,F,24.5
5k,UT,62.733333333333334,61.68333333333333,19.9,F,34.5
5k,UT,57.45,56.06666666666667,18.083333333333332,M,24.5
5k,UT,58.03333333333333,56.93333333333333,18.366666666666667,F,34.5
5k,UT,35.666666666666664,34.95,11.266666666666667,M,64.5
5k,UT,41.916666666666664,41.38333333333333,13.35,F,54.5
5k,UT,35.666666666666664,34.93333333333333,11.266666666666667,M,34.5
5k,UT,33.88333333333333,33.15,10.7,M,24.5
5k,UT,57.85,55.85,18.016666666666666,F,34.5
5k,UT,43.93333333333333,43.43333333333333,14.016666666666667,M,24.5
5k,UT,35.916666666666664,35.4,11.416666666666666,M,24.5
5k,UT,23.933333333333334,23.733333333333334,7.65,M,34.5
5k,UT,30.666666666666668,30.466666666666665,9.833333333333334,F,34.5
5k,UT,36.61666666666667,36.416666666666664,11.75,F,24.5
5k,UT,29.85,28.666666666666668,9.25,M,54.5
5k,UT,25.716666666666665,25.516666666666666,8.233333333333333,F,24.5
5k,UT,34.68333333333333,33.016666666666666,10.65,F,24.5
5k,UT,25.05,24.033333333333335,7.75,M,24.5
5k,UT,27.383333333333333,27.066666666666666,8.733333333333333,M,24.5
5k,UT,51.71666666666667,49.88333333333333,16.083333333333332,F,44.5
5k,UT,54.38333333333333,52.56666666666667,16.95,M,44.5
5k,UT,54.31666666666667,52.46666666666667,16.916666666666668,M,24.5
5k,UT,52.2,50.36666666666667,16.25,F,17.0
5k,UT,50.46666666666667,48.6,15.683333333333334,F,17.0
5k,UT,52.15,50.28333333333333,16.216666666666665,F,12.0
5k,UT,52.2,50.81666666666667,16.4,F,12.0
5k,AZ,36.583333333333336,36.18333333333333,11.666666666666666,F,24.5
5k,UT,31.25,30.916666666666668,9.966666666666667,F,17.0
5k,UT,34.7,33.833333333333336,10.916666666666666,M,17.0
5k,UT,32.9,31.683333333333334,10.216666666666667,F,24.5
5k,UT,41.7,40.266666666666666,12.983333333333333,M,54.5
5k,UT,59.166666666666664,59.166666666666664,19.083333333333332,F,24.5
5k,UT,29.533333333333335,28.816666666666666,9.3,M,17.0
5k,UT,31.866666666666667,30.933333333333334,9.983333333333333,F,17.0
5k,UT,23.35,22.65,7.3,M,17.0
5k,UT,22.833333333333332,22.466666666666665,7.25,M,24.5
5k,UT,25.683333333333334,25.033333333333335,8.083333333333334,M,17.0
5k,UT,43.083333333333336,42.45,13.7,F,24.5
5k,UT,21.966666666666665,21.866666666666667,7.05,M,24.5
5k,UT,59.15,59.15,19.083333333333332,M,24.5
5k,UT,32.06666666666667,32.0,10.316666666666666,M,24.5
5k,UT,29.583333333333332,29.25,9.433333333333334,M,24.5
5k,UT,33.333333333333336,32.71666666666667,10.55,M,44.5
5k,UT,51.25,50.833333333333336,16.4,F,24.5
5k,UT,49.833333333333336,49.1,15.833333333333334,M,44.5
5k,UT,39.88333333333333,39.1,12.616666666666667,F,44.5
5k,UT,28.283333333333335,27.55,8.883333333333333,M,12.0
5k,UT,34.766666666666666,34.03333333333333,10.983333333333333,F,17.0
5k,UT,39.9,39.166666666666664,12.633333333333333,F,12.0
5k,UT,32.9,31.683333333333334,10.216666666666667,M,24.5
5k,UT,28.683333333333334,27.616666666666667,8.916666666666666,F,44.5
5k,UT,25.05,24.033333333333335,7.75,F,24.5
5k,UT,30.7,30.066666666666666,9.7,F,34.5
5k,UT,28.9,28.516666666666666,9.2,F,24.5
5k,UT,30.383333333333333,29.533333333333335,9.533333333333333,F,24.5
5k,NV,28.45,28.066666666666666,9.05,F,34.5
5k,UT,40.31666666666667,40.016666666666666,12.916666666666666,M,64.5
5k,UT,35.96666666666667,35.5,11.45,F,44.5
5k,UT,35.916666666666664,35.46666666666667,11.433333333333334,M,54.5
5k,UT,34.68333333333333,33.016666666666666,10.65,M,24.5
5k,UT,31.9,30.95,9.983333333333333,F,24.5
5k,UT,45.71666666666667,44.75,14.433333333333334,M,17.0
5k,UT,25.516666666666666,25.2,8.133333333333333,M,24.5
5k,UT,26.5,26.166666666666668,8.433333333333334,M,24.5
5k,UT,30.55,30.4,9.8,F,17.0
5k,UT,21.483333333333334,21.433333333333334,6.916666666666667,M,17.0
5k,UT,23.6,23.3,7.516666666666667,M,24.5
5k,UT,43.583333333333336,42.53333333333333,13.716666666666667,F,34.5
5k,UT,43.31666666666667,42.25,13.633333333333333,F,12.0
5k,UT,18.4,18.366666666666667,5.916666666666667,M,54.5
5k,UT,24.433333333333334,23.816666666666666,7.683333333333334,M,24.5
5k,UT,29.383333333333333,28.816666666666666,9.3,M,34.5
5k,UT,40.93333333333333,40.35,13.016666666666667,F,34.5
5k,UT,25.1,24.416666666666668,7.883333333333334,M,17.0
5k,UT,34.833333333333336,33.95,10.95,M,17.0
5k,UT,32.9,31.683333333333334,10.216666666666667,F,24.5
5k,UT,51.45,50.233333333333334,16.2,F,34.5
5k,UT,29.5,29.083333333333332,9.383333333333333,M,24.5
5k,UT,26.6,25.416666666666668,8.2,M,24.5
5k,UT,46.43333333333333,44.88333333333333,14.483333333333333,F,24.5
5k,UT,40.266666666666666,38.68333333333333,12.483333333333333,M,34.5
5k,UT,40.266666666666666,38.71666666666667,12.483333333333333,F,24.5
5k,UT,38.86666666666667,37.56666666666667,12.116666666666667,F,64.5
5k,UT,34.45,34.45,11.116666666666667,F,54.5
5k,UT,34.31666666666667,32.43333333333333,10.466666666666667,F,34.5
5k,UT,34.3,32.416666666666664,10.45,M,34.5
5k,UT,34.3,32.416666666666664,10.45,F,5.0
5k,UT,31.6,31.1,10.033333333333333,M,24.5
5k,UT,31.633333333333333,31.116666666666667,10.033333333333333,F,24.5
5k,UT,54.15,52.416666666666664,16.916666666666668,F,54.5
5k,UT,64.05,61.8,19.933333333333334,F,34.5
5k,UT,30.966666666666665,30.05,9.7,M,34.5
5k,UT,54.6,52.916666666666664,17.066666666666666,F,64.5
5k,UT,42.7,41.0,13.233333333333333,F,24.5
5k,UT,42.71666666666667,41.016666666666666,13.233333333333333,M,24.5
5k,UT,39.46666666666667,37.733333333333334,12.166666666666666,F,24.5
5k,UT,25.766666666666666,24.083333333333332,7.766666666666667,M,34.5
5k,UT,31.6,31.116666666666667,10.033333333333333,M,24.5
5k,UT,25.266666666666666,25.15,8.116666666666667,M,17.0
5k,UT,24.316666666666666,24.233333333333334,7.816666666666666,M,17.0
5k,UT,25.85,25.75,8.3,M,44.5
5k,UT,27.833333333333332,27.766666666666666,8.95,M,12.0
5k,UT,21.133333333333333,20.133333333333333,6.5,M,24.5
5k,UT,30.25,29.266666666666666,9.433333333333334,F,24.5
5k,UT,24.2,23.383333333333333,7.55,M,24.5
5k,UT,38.11666666666667,37.43333333333333,12.083333333333334,F,24.5
5k,UT,38.083333333333336,37.4,12.066666666666666,M,24.5
5k,UT,31.983333333333334,30.783333333333335,9.933333333333334,F,17.0
5k,OR,21.7,21.333333333333332,6.883333333333334,M,24.5
5k,UT,58.7,57.28333333333333,18.483333333333334,M,0.0
5k,UT,28.316666666666666,28.216666666666665,9.1,F,24.5
5k,UT,38.7,37.8,12.2,M,24.5
5k,UT,37.416666666666664,36.53333333333333,11.783333333333333,F,34.5
5k,UT,18.183333333333334,18.15,5.85,M,24.5
5k,UT,20.033333333333335,20.0,6.45,M,24.5
5k,UT,25.266666666666666,25.116666666666667,8.1,M,44.5
5k,UT,25.016666666666666,24.833333333333332,8.016666666666667,M,54.5
5k,UT,22.9,22.533333333333335,7.266666666666667,M,24.5
5k,UT,31.916666666666668,30.7,9.9,M,17.0
5k,UT,29.5,29.066666666666666,9.383333333333333,M,24.5
5k,UT,18.9,18.866666666666667,6.083333333333333,M,24.5
5k,UT,23.866666666666667,23.75,7.666666666666667,M,17.0
5k,UT,35.483333333333334,34.03333333333333,10.983333333333333,M,24.5
5k,UT,33.016666666666666,31.283333333333335,10.083333333333334,F,24.5
5k,UT,64.05,61.8,19.933333333333334,F,74.5
5k,UT,50.916666666666664,50.666666666666664,16.35,F,54.5
5k,UT,51.233333333333334,49.233333333333334,15.883333333333333,M,24.5
5k,UT,51.583333333333336,49.583333333333336,16.0,F,24.5
5k,UT,39.18333333333333,38.43333333333333,12.4,F,54.5
5k,UT,23.316666666666666,23.2,7.483333333333333,M,17.0
5k,UT,23.216666666666665,23.1,7.45,M,24.5
5k,UT,28.6,28.55,9.216666666666667,M,24.5
5k,UT,32.06666666666667,32.016666666666666,10.333333333333334,M,24.5
5k,UT,44.53333333333333,43.88333333333333,14.15,F,24.5
5k,UT,23.683333333333334,23.5,7.583333333333333,M,24.5
5k,UT,30.933333333333334,30.6,9.866666666666667,M,44.5
5k,UT,22.483333333333334,22.316666666666666,7.2,F,17.0
5k,UT,30.933333333333334,30.6,9.866666666666667,F,12.0
5k,UT,28.516666666666666,28.2,9.1,F,12.0
5k,UT,23.1,23.05,7.433333333333334,M,24.5
5k,UT,26.933333333333334,26.816666666666666,8.65,M,24.5
5k,UT,60.916666666666664,59.95,19.333333333333332,F,12.0
5k,UT,61.083333333333336,60.15,19.4,F,12.0
5k,UT,61.266666666666666,60.3,19.45,F,12.0
5k,UT,60.96666666666667,59.95,19.333333333333332,F,17.0
5k,UT,62.083333333333336,61.06666666666667,19.7,F,17.0
5k,UT,60.983333333333334,60.016666666666666,19.366666666666667,F,17.0
5k,UT,26.966666666666665,26.6,8.583333333333334,F,24.5
5k,UT,62.083333333333336,61.05,19.7,F,24.5
5k,UT,30.15,30.1,9.716666666666667,M,17.0
5k,UT,60.333333333333336,60.25,19.433333333333334,M,17.0
5k,UT,62.8,62.7,20.233333333333334,M,17.0
5k,UT,62.78333333333333,62.71666666666667,20.233333333333334,M,24.5
5k,UT,32.083333333333336,31.9,10.283333333333333,F,44.5
5k,UT,35.81666666666667,34.53333333333333,11.133333333333333,F,24.5
5k,UT,35.81666666666667,34.516666666666666,11.133333333333333,M,24.5
5k,UT,27.433333333333334,27.133333333333333,8.75,F,24.5
5k,NV,48.4,47.016666666666666,15.166666666666666,M,64.5
5k,UT,27.433333333333334,27.116666666666667,8.75,F,24.5
5k,UT,44.68333333333333,42.983333333333334,13.866666666666667,F,44.5
5k,UT,38.333333333333336,37.03333333333333,11.95,F,17.0
5k,UT,30.5,29.15,9.4,F,12.0
5k,UT,30.583333333333332,29.25,9.433333333333334,F,12.0
5k,UT,43.35,42.03333333333333,13.566666666666666,F,24.5
5k,UT,44.583333333333336,42.93333333333333,13.85,F,34.5
5k,UT,61.06666666666667,60.1,19.383333333333333,M,24.5
5k,UT,36.11666666666667,35.45,11.433333333333334,F,44.5
5k,UT,40.516666666666666,39.15,12.633333333333333,F,24.5
5k,UT,24.95,24.9,8.033333333333333,M,17.0
5k,NV,28.766666666666666,28.016666666666666,9.033333333333333,F,17.0
5k,UT,31.3,31.233333333333334,10.083333333333334,M,24.5
5k,UT,44.5,42.8,13.8,M,44.5
5k,UT,24.883333333333333,24.833333333333332,8.016666666666667,M,17.0
5k,UT,29.083333333333332,28.033333333333335,9.05,M,44.5
10k,UT,73.96666666666667,73.75,11.9,F,44.5
5k,WY,32.516666666666666,31.25,10.083333333333334,F,17.0
5k,UT,26.933333333333334,26.633333333333333,8.583333333333334,F,24.5
10k,UT,61.766666666666666,61.516666666666666,9.916666666666666,M,24.5
10k,UT,75.81666666666666,75.41666666666667,12.166666666666666,F,24.5
10k,UT,66.35,65.93333333333334,10.633333333333333,F,17.0
10k,OK,58.55,58.31666666666667,9.4,M,44.5
10k,UT,59.03333333333333,58.68333333333333,9.466666666666667,F,34.5
10k,UT,42.2,42.15,6.8,F,17.0
10k,UT,38.96666666666667,38.833333333333336,6.266666666666667,M,34.5
10k,UT,44.18333333333333,44.016666666666666,7.1,M,17.0
10k,UT,60.8,60.583333333333336,9.766666666666667,F,24.5
10k,UT,67.4,67.1,10.816666666666666,M,24.5
10k,UT,42.233333333333334,42.2,6.8,M,24.5
10k,UT,36.68333333333333,36.63333333333333,5.916666666666667,F,24.5
10k,UT,71.36666666666666,71.06666666666666,11.466666666666667,M,54.5
10k,UT,61.233333333333334,60.983333333333334,9.833333333333334,F,24.5
10k,UT,68.05,67.88333333333334,10.95,F,24.5
10k,UT,62.9,62.516666666666666,10.083333333333334,F,24.5
10k,UT,58.2,57.95,9.35,F,17.0
10k,UT,63.583333333333336,63.333333333333336,10.216666666666667,F,34.5
10k,UT,39.46666666666667,39.4,6.35,M,24.5
10k,UT,67.08333333333333,66.8,10.766666666666667,F,24.5
10k,UT,42.983333333333334,42.5,6.85,M,34.5
10k,UT,60.43333333333333,60.25,9.716666666666667,F,24.5
10k,UT,47.6,47.483333333333334,7.666666666666667,F,24.5
10k,UT,52.21666666666667,51.9,8.366666666666667,M,64.5
10k,UT,53.28333333333333,52.983333333333334,8.55,M,34.5
10k,UT,61.833333333333336,61.55,9.933333333333334,F,34.5
10k,UT,55.61666666666667,55.3,8.916666666666666,F,24.5
10k,UT,50.85,50.733333333333334,8.183333333333334,M,24.5
10k,UT,50.25,50.13333333333333,8.083333333333334,F,24.5
10k,UT,51.833333333333336,51.55,8.316666666666666,F,24.5
10k,UT,57.53333333333333,57.3,9.25,F,44.5
10k,ID,60.03333333333333,59.81666666666667,9.65,F,17.0
10k,UT,57.55,57.31666666666667,9.25,M,44.5
10k,UT,60.016666666666666,59.68333333333333,9.633333333333333,F,24.5
10k,UT,69.93333333333334,69.71666666666667,11.25,M,24.5
10k,UT,58.166666666666664,58.1,9.366666666666667,M,34.5
10k,UT,59.35,59.016666666666666,9.516666666666667,F,24.5
10k,UT,69.26666666666667,69.18333333333334,11.166666666666666,F,34.5
10k,UT,58.36666666666667,58.25,9.4,F,24.5
10k,UT,59.333333333333336,59.016666666666666,9.516666666666667,F,44.5
10k,UT,52.083333333333336,52.05,8.4,M,24.5
10k,UT,62.38333333333333,62.11666666666667,10.016666666666667,M,24.5
10k,UT,49.21666666666667,48.85,7.883333333333334,M,24.5
10k,UT,52.1,52.016666666666666,8.383333333333333,F,24.5
10k,UT,46.81666666666667,46.8,7.55,M,34.5
10k,UT,50.35,50.31666666666667,8.116666666666667,F,24.5
10k,UT,47.46666666666667,47.416666666666664,7.65,F,24.5
10k,UT,47.86666666666667,47.78333333333333,7.7,M,24.5
10k,UT,80.5,80.23333333333333,12.933333333333334,F,24.5
10k,UT,49.266666666666666,48.93333333333333,7.9,F,24.5
10k,UT,48.68333333333333,48.55,7.833333333333333,M,24.5
10k,UT,48.2,48.06666666666667,7.75,F,24.5
10k,UT,54.05,53.916666666666664,8.7,F,24.5
10k,UT,59.7,59.35,9.566666666666666,F,24.5
10k,UT,47.46666666666667,47.4,7.65,M,24.5
10k,UT,51.45,51.11666666666667,8.25,F,24.5
5k,UT,33.15,32.983333333333334,10.633333333333333,F,44.5
10k,UT,53.56666666666667,53.516666666666666,8.633333333333333,F,17.0
10k,UT,68.43333333333334,68.23333333333333,11.0,F,24.5
10k,UT,47.483333333333334,47.06666666666667,7.583333333333333,M,24.5
10k,UT,54.56666666666667,54.3,8.75,F,24.5
10k,UT,54.55,54.25,8.75,M,24.5
10k,UT,47.583333333333336,47.28333333333333,7.633333333333334,M,24.5
10k,UT,48.016666666666666,47.983333333333334,7.733333333333333,M,24.5
10k,UT,34.56666666666667,34.53333333333333,5.566666666666666,M,24.5
10k,UT,67.11666666666666,66.75,10.766666666666667,F,34.5
10k,UT,67.06666666666666,66.7,10.75,F,34.5
10k,UT,40.083333333333336,40.05,6.466666666666667,M,24.5
10k,UT,41.983333333333334,41.78333333333333,6.733333333333333,M,34.5
10k,UT,60.833333333333336,60.61666666666667,9.783333333333333,F,24.5
10k,UT,57.483333333333334,57.28333333333333,9.233333333333333,F,24.5
10k,NH,58.61666666666667,58.38333333333333,9.416666666666666,F,17.0
10k,NH,37.61666666666667,37.55,6.05,M,24.5
10k,UT,53.75,53.38333333333333,8.616666666666667,F,34.5
10k,UT,54.38333333333333,54.11666666666667,8.733333333333333,F,24.5
10k,UT,53.75,53.4,8.616666666666667,M,44.5
10k,UT,57.38333333333333,56.86666666666667,9.166666666666666,M,74.5
10k,GA,61.016666666666666,60.63333333333333,9.783333333333333,F,24.5
10k,UT,49.2,48.81666666666667,7.866666666666666,M,24.5
5k,UT,28.533333333333335,28.133333333333333,9.083333333333334,M,24.5
10k,UT,50.68333333333333,50.6,8.166666666666666,F,34.5
10k,UT,81.2,80.81666666666666,13.033333333333333,F,54.5
10k,UT,43.96666666666667,43.88333333333333,7.083333333333333,F,17.0
10k,UT,62.233333333333334,62.05,10.0,M,24.5
10k,UT,62.233333333333334,62.06666666666667,10.016666666666667,F,24.5
10k,UT,70.05,69.83333333333333,11.266666666666667,F,24.5
10k,UT,58.166666666666664,58.0,9.35,F,24.5
10k,UT,52.266666666666666,52.11666666666667,8.4,F,24.5
10k,UT,44.583333333333336,44.516666666666666,7.183333333333334,M,24.5
10k,UT,50.45,50.4,8.133333333333333,F,24.5
10k,UT,53.55,53.46666666666667,8.616666666666667,F,34.5
10k,UT,58.28333333333333,58.03333333333333,9.366666666666667,F,24.5
10k,UT,65.15,64.91666666666667,10.466666666666667,F,17.0
10k,UT,57.35,56.983333333333334,9.183333333333334,F,24.5
10k,UT,54.6,54.416666666666664,8.783333333333333,F,24.5
10k,KY,57.65,57.55,9.283333333333333,F,17.0
10k,UT,46.0,45.78333333333333,7.383333333333334,M,24.5
10k,UT,54.016666666666666,53.8,8.683333333333334,F,24.5
10k,UT,48.85,48.733333333333334,7.866666666666666,F,44.5
10k,UT,57.25,56.81666666666667,9.166666666666666,F,24.5
10k,UT,57.25,56.833333333333336,9.166666666666666,F,24.5
10k,UT,40.21666666666667,40.1,6.466666666666667,M,24.5
10k,UT,62.266666666666666,62.15,10.016666666666667,F,24.5
10k,UT,54.61666666666667,54.25,8.75,F,24.5
10k,WA,49.25,49.06666666666667,7.916666666666667,F,24.5
10k,UT,66.85,66.65,10.75,F,24.5
10k,UT,48.333333333333336,48.03333333333333,7.75,F,24.5
10k,UT,41.233333333333334,41.166666666666664,6.633333333333334,M,24.5
10k,UT,44.88333333333333,44.81666666666667,7.233333333333333,M,24.5
10k,UT,43.083333333333336,43.016666666666666,6.933333333333334,F,17.0
10k,UT,73.35,73.35,11.833333333333334,F,24.5
10k,UT,64.45,64.33333333333333,10.383333333333333,F,24.5
10k,UT,61.68333333333333,61.46666666666667,9.916666666666666,F,24.5
10k,UT,61.7,61.483333333333334,9.916666666666666,M,24.5
10k,UT,48.35,47.9,7.733333333333333,F,17.0
10k,UT,80.26666666666667,80.08333333333333,12.916666666666666,F,24.5
10k,UT,53.46666666666667,53.3,8.6,F,24.5
10k,UT,47.416666666666664,47.333333333333336,7.633333333333334,F,44.5
10k,UT,39.016666666666666,38.96666666666667,6.283333333333333,F,24.5
10k,UT,57.166666666666664,57.06666666666667,9.2,F,17.0
10k,UT,43.583333333333336,43.46666666666667,7.016666666666667,M,34.5
10k,UT,39.11666666666667,39.016666666666666,6.3,M,17.0
10k,UT,40.53333333333333,40.416666666666664,6.516666666666667,M,17.0
10k,UT,48.35,48.21666666666667,7.783333333333333,M,24.5
10k,UT,72.45,72.15,11.633333333333333,F,34.5
10k,UT,72.45,72.16666666666667,11.633333333333333,M,34.5
10k,UT,62.3,62.13333333333333,10.016666666666667,F,24.5
10k,UT,63.916666666666664,63.56666666666667,10.25,F,24.5
10k,UT,50.03333333333333,49.85,8.033333333333333,M,64.5
10k,UT,54.65,54.63333333333333,8.816666666666666,M,24.5
10k,UT,68.51666666666667,68.33333333333333,11.016666666666667,F,24.5
10k,UT,49.766666666666666,49.56666666666667,8.0,M,24.5
10k,UT,44.46666666666667,44.25,7.133333333333334,F,24.5
10k,UT,61.45,61.18333333333333,9.866666666666667,F,34.5
10k,UT,67.4,67.1,10.816666666666666,F,24.5
10k,UT,49.85,49.666666666666664,8.016666666666667,F,34.5
10k,UT,44.88333333333333,44.81666666666667,7.233333333333333,F,44.5
10k,UT,48.583333333333336,48.516666666666666,7.833333333333333,F,24.5
10k,UT,58.45,58.4,9.416666666666666,F,34.5
10k,UT,79.95,79.78333333333333,12.866666666666667,F,34.5
10k,UT,55.46666666666667,55.333333333333336,8.916666666666666,F,24.5
10k,UT,54.1,53.95,8.7,F,24.5
10k,UT,80.06666666666666,79.66666666666667,12.85,F,64.5
10k,UT,73.66666666666667,73.43333333333334,11.85,F,44.5
10k,UT,53.93333333333333,53.766666666666666,8.666666666666666,M,24.5
10k,UT,49.35,49.166666666666664,7.933333333333334,M,24.5
10k,UT,63.083333333333336,62.68333333333333,10.116666666666667,F,24.5
10k,UT,36.21666666666667,36.166666666666664,5.833333333333333,M,24.5
10k,UT,65.01666666666667,64.75,10.45,M,54.5
10k,UT,55.3,54.983333333333334,8.866666666666667,F,24.5
10k,UT,59.43333333333333,59.083333333333336,9.533333333333333,M,64.5
10k,ID,49.266666666666666,49.21666666666667,7.933333333333334,F,17.0
10k,UT,62.5,62.35,10.05,F,24.5
10k,UT,42.28333333333333,42.166666666666664,6.8,M,24.5
10k,UT,71.26666666666667,70.86666666666666,11.433333333333334,M,24.5
10k,UT,72.65,72.15,11.633333333333333,F,44.5
10k,UT,40.88333333333333,40.833333333333336,6.583333333333333,F,17.0
10k,UT,61.5,61.31666666666667,9.883333333333333,F,24.5
10k,UT,49.7,49.6,8.0,M,24.5
10k,UT,56.95,56.81666666666667,9.166666666666666,F,24.5
10k,UT,64.75,64.58333333333333,10.416666666666666,F,44.5
10k,CO,60.016666666666666,59.8,9.65,F,17.0
10k,UT,68.95,68.53333333333333,11.05,F,54.5
10k,UT,76.08333333333333,75.76666666666667,12.216666666666667,F,24.5
10k,UT,76.06666666666666,75.73333333333333,12.216666666666667,M,24.5
10k,UT,45.983333333333334,45.833333333333336,7.4,F,24.5
10k,UT,54.6,54.55,8.8,M,34.5
10k,UT,62.9,62.516666666666666,10.083333333333334,F,24.5
10k,UT,61.45,61.166666666666664,9.866666666666667,F,44.5
10k,UT,53.53333333333333,53.4,8.616666666666667,F,34.5
5k,UT,39.05,38.65,12.466666666666667,F,24.5
5k,UT,26.583333333333332,26.2,8.45,M,24.5
10k,NV,61.28333333333333,61.166666666666664,9.866666666666667,F,54.5
10k,UT,42.36666666666667,42.266666666666666,6.816666666666666,M,44.5
10k,UT,50.483333333333334,50.266666666666666,8.1,M,34.5
10k,UT,46.18333333333333,45.93333333333333,7.416666666666667,M,24.5
10k,UT,57.7,57.5,9.266666666666667,F,24.5
10k,UT,47.86666666666667,47.81666666666667,7.716666666666667,F,24.5
10k,UT,63.88333333333333,63.583333333333336,10.25,F,44.5
10k,UT,70.86666666666666,70.68333333333334,11.4,M,34.5
10k,UT,70.86666666666666,70.68333333333334,11.4,M,5.0
10k,UT,46.333333333333336,46.2,7.45,M,24.5
10k,UT,44.71666666666667,44.6,7.2,F,24.5
10k,UT,61.46666666666667,61.18333333333333,9.866666666666667,F,44.5
10k,UT,47.333333333333336,47.166666666666664,7.6,M,34.5
10k,UT,49.7,49.6,8.0,F,17.0
10k,UT,54.666666666666664,54.63333333333333,8.816666666666666,M,34.5
10k,UT,51.3,50.81666666666667,8.2,M,34.5
5k,UT,58.1,57.71666666666667,18.616666666666667,F,89.5
10k,UT,71.85,71.6,11.55,M,64.5
10k,UT,41.75,41.68333333333333,6.716666666666667,M,0.0
10k,UT,57.28333333333333,57.18333333333333,9.216666666666667,F,24.5
10k,UT,59.2,59.0,9.516666666666667,F,24.5
10k,UT,53.583333333333336,53.38333333333333,8.616666666666667,M,24.5
10k,UT,59.2,59.0,9.516666666666667,M,24.5
10k,UT,69.26666666666667,69.05,11.133333333333333,F,17.0
10k,UT,69.26666666666667,69.06666666666666,11.133333333333333,F,54.5
10k,UT,53.583333333333336,53.36666666666667,8.6,M,54.5
10k,UT,54.266666666666666,54.083333333333336,8.716666666666667,M,34.5
10k,UT,46.9,46.833333333333336,7.55,M,24.5
10k,UT,38.93333333333333,38.86666666666667,6.266666666666667,M,24.5
10k,UT,59.78333333333333,59.36666666666667,9.583333333333334,M,34.5
10k,UT,65.75,65.3,10.533333333333333,M,44.5
10k,UT,71.01666666666667,70.7,11.4,F,24.5
10k,UT,71.01666666666667,70.68333333333334,11.4,M,24.5
10k,ID,37.63333333333333,37.56666666666667,6.066666666666666,M,24.5
10k,UT,56.5,56.233333333333334,9.066666666666666,M,54.5
10k,UT,92.1,91.66666666666667,14.783333333333333,F,24.5
10k,UT,92.11666666666666,91.68333333333334,14.783333333333333,F,34.5
10k,UT,65.65,65.2,10.516666666666667,M,44.5
10k,UT,74.75,74.33333333333333,11.983333333333333,F,24.5
10k,UT,55.31666666666667,54.96666666666667,8.866666666666667,F,24.5
10k,UT,54.45,54.18333333333333,8.733333333333333,F,44.5
10k,UT,46.5,46.21666666666667,7.45,M,24.5
10k,UT,44.93333333333333,44.86666666666667,7.233333333333333,M,24.5
10k,UT,42.666666666666664,42.61666666666667,6.866666666666666,M,54.5
10k,UT,36.516666666666666,36.516666666666666,5.883333333333334,F,-1.0
10k,UT,36.483333333333334,36.45,5.883333333333334,M,34.5
10k,UT,33.38333333333333,33.38333333333333,5.383333333333334,M,-1.0
10k,UT,56.333333333333336,56.233333333333334,9.066666666666666,F,24.5
10k,UT,36.06666666666667,36.03333333333333,5.816666666666666,M,24.5
10k,UT,50.55,50.38333333333333,8.133333333333333,M,44.5
10k,UT,54.43333333333333,54.15,8.733333333333333,M,54.5
10k,UT,51.96666666666667,51.86666666666667,8.366666666666667,M,24.5
10k,UT,36.11666666666667,36.1,5.816666666666666,M,24.5
10k,UT,43.9,43.78333333333333,7.066666666666666,M,24.5
10k,UT,48.983333333333334,48.86666666666667,7.883333333333334,M,24.5
10k,UT,51.56666666666667,51.46666666666667,8.3,F,34.5
10k,TX,52.75,52.65,8.5,M,54.5
10k,UT,48.583333333333336,48.5,7.816666666666666,M,24.5
5k,UT,28.416666666666668,27.333333333333332,8.816666666666666,M,24.5
5k,UT,32.916666666666664,32.21666666666667,10.4,M,44.5
10k,UT,53.38333333333333,53.15,8.566666666666666,F,44.5
10k,NJ,51.5,51.35,8.283333333333333,F,24.5
5k,UT,28.55,27.85,8.983333333333333,F,24.5
10k,UT,76.36666666666666,76.03333333333333,12.266666666666667,F,44.5
5k,UT,56.71666666666667,55.35,17.85,M,34.5
5k,UT,56.71666666666667,55.35,17.85,F,34.5
5k,UT,36.0,34.93333333333333,11.266666666666667,M,44.5
5k,UT,36.0,34.95,11.266666666666667,F,17.0
5k,UT,32.81666666666667,31.716666666666665,10.233333333333333,M,24.5
5k,UT,35.21666666666667,33.25,10.733333333333333,F,34.5
5k,UT,37.11666666666667,36.05,11.633333333333333,F,24.5
10k,CO,39.85,39.833333333333336,6.416666666666667,M,24.5
5k,UT,47.016666666666666,44.96666666666667,14.5,F,34.5
5k,UT,37.583333333333336,35.53333333333333,11.466666666666667,M,34.5
5k,UT,28.833333333333332,27.366666666666667,8.833333333333334,F,24.5
5k,UT,34.3,32.483333333333334,10.483333333333333,F,24.5
5k,UT,25.633333333333333,23.833333333333332,7.683333333333334,M,24.5
5k,UT,32.916666666666664,31.816666666666666,10.266666666666667,F,24.5
5k,UT,30.166666666666668,29.95,9.666666666666666,F,24.5
5k,UT,30.166666666666668,29.916666666666668,9.65,M,24.5
10k,UT,52.96666666666667,52.583333333333336,8.483333333333333,F,34.5
5k,UT,38.21666666666667,36.233333333333334,11.683333333333334,F,34.5
5k,UT,56.18333333333333,54.21666666666667,17.483333333333334,F,34.5
5k,UT,48.96666666666667,48.25,15.566666666666666,F,34.5
5k,UT,48.983333333333334,48.25,15.566666666666666,M,24.5
10k,UT,51.63333333333333,51.55,8.316666666666666,M,24.5
5k,UT,48.5,47.8,15.416666666666666,M,24.5
5k,UT,28.9,28.516666666666666,9.2,M,24.5
10k,UT,37.65,37.61666666666667,6.066666666666666,M,34.5
5k,UT,48.6,47.9,15.45,F,24.5
5k,UT,34.06666666666667,32.483333333333334,10.483333333333333,M,44.5
10k,UT,70.33333333333333,70.0,11.283333333333333,F,34.5
5k,UT,39.46666666666667,37.733333333333334,12.166666666666666,F,44.5
5k,UT,39.46666666666667,37.733333333333334,12.166666666666666,F,24.5
